Dataset,Bleu-1,Bleu-2,Bleu-3,Bleu-4,METEOR,ROUGE-1,ROUGE-2,ROUGE-L,ROUGE-Lsum,CIDEr,SPICE
UCM-Captions,0.80302,0.722277,0.660404,0.607657,0.4201989857124966,0.7549975183586355,0.6275634752067266,0.7404164858989826,0.7404726018580521,2.8592096929788555,0.48540705752048785
Sydney-Captions,0.775266,0.679236,0.601499,0.531531,0.36626230946659444,0.6942939625007143,0.5341573395254129,0.6706064888449816,0.6726887947351301,2.0037071400221285,0.4413935141957435
NWPU-Captions,0.877115,0.772041,0.69011,0.62222,0.42479290079724996,0.7856971121665064,0.6371967214882702,0.7543689457545217,0.7542884276275528,1.8163448104073907,0.3008364474413664
RSICD,0.674613,0.487777,0.376297,0.303274,0.26816217338765774,0.555697062356211,0.3185539858327867,0.49106516992915594,0.490685667029935,0.9753319097691445,0.27274252110086494
